row_ids,col1,col2,col5
row9,1.33972527049,9.41002271396,3.02860562029
row1,0.942408005638,7.75134519488,2.64526112201
row2,4.34908174024,9.93382170956,3.62567987458
row3,7.50958753459,5.88228016026,9.84386810681
row7,3.27772811622,2.49996676686,9.96556992539
row4,2.02212724689,8.13321251357,5.8997724345
row5,0.39649648256,4.97304653966,1.47242425782
row8,6.03190610968,3.81605985919,6.74964847135
