row_ids,col1,col2,col3,col4,col5
row1,28.437021277,59.7922019388,82.2916888947,76.7216528075,77.4748611811
row2,36.9646506246,56.1116558988,81.8347983259,5.91004264412,28.0434295975
row3,63.7980445321,52.0260111301,55.8940027988,41.3286593609,12.0277264664
row4,53.3801450679,95.443284489,15.5276341091,80.2735325471,50.9481507671
