row_ids,col1,col2,col5
row9,1.33972527049,9.41002271396,3.02860562029
row1,5.31329578484,2.92821027896,1.27727951923
row2,0.58980218824,3.32899990594,5.34384110283
row3,5.35298254581,4.06034388468,0.880578814008
row7,3.27772811622,2.49996676686,9.96556992539
row4,8.52358807113,8.13321251357,8.85008937284
row5,1.09207465903,4.41256758477,2.82731329239
row8,6.03190610968,3.81605985919,6.74964847135
