row_ids,col1,col3,col7,col4,col5,col6
row6,3.09307272666,7.57423516216,0.00402738357423,1.12826767387,0.760483409513,8.72026189492
row9,3.43395864686,5.56317428849,3.55694753548,7.47852230556,6.51543718918,3.35650381427
row1,3.30886876607,7.156589527,8.16699218333,7.34492582712,4.84326440586,4.63624395716
row2,0.236801512798,4.64186350969,8.28664901544,6.92410220713,0.508650298069,5.96883068308
row3,5.78561385786,0.957736330162,1.52299623731,9.16871496773,9.4269209398,6.26364685345
row7,9.89876056081,3.59292183952,5.4004225275,1.01489310422,3.08734228707,9.83324177042
row8,8.11131746756,3.84593968395,2.5998315279,4.49091983196,7.91263997476,0.904029959124
row5,0.794878323404,9.23301279034,7.75124751686,7.57677320059,6.14276877479,3.69367459725
