row_ids,col1,col2,col3,col4,col5
row1,5.31329578484,2.92821027896,3.97097133097,7.91116070057,1.27727951923
row2,0.58980218824,3.32899990594,8.43270222272,6.028541916,5.34384110283
row3,5.35298254581,4.06034388468,0.800094636016,6.04388258081,0.880578814008
row4,8.52358807113,5.11658923364,1.08223580582,9.86766893247,8.85008937284
row5,1.09207465903,4.41256758477,0.551947438366,5.90810129247,2.82731329239
row6,6.63716924398,9.5054003788,8.40145372439,9.60204248341,5.47104556303
