row_ids,col2,col1
row3,4.56831151058,3.27772811622
row2,6.85861485475,8.13321251357
row5,9.82413249011,9.69388160405
row4,6.61846320052,6.03190610968
