row_ids,col1,col2,col3
row1,3.94584162697,1.28681763738,6.88373512479
row2,8.73103310171,5.61725764473,9.16654794582
