row_ids,col1,col2,col3,col4,col5
row1,0.942408005638,7.75134519488,6.08776274348,2.29602467927,2.64526112201
row2,4.34908174024,9.93382170956,5.1019661907,1.30481290397,3.62567987458
row3,7.50958753459,5.88228016026,4.2488253434,7.74848016107,9.84386810681
row4,2.02212724689,0.87400032852,6.42655793518,3.88722968295,5.8997724345
row5,0.39649648256,4.97304653966,0.0599593162142,6.72591282079,1.47242425782
row6,7.36970002553,7.48970609607,2.2475225532,6.43500891338,7.86183403356
