row_ids,col1,col2,col3,col4,col5
row1,3.30886876607,4.25334031382,7.156589527,7.34492582712,4.84326440586
row2,0.236801512798,6.66638365442,4.64186350969,6.92410220713,0.508650298069
row3,5.78561385786,3.25403527927,0.957736330162,9.16871496773,9.4269209398
row4,7.46310392674,1.08439176145,9.10069250596,3.29223746777,0.0372271289129
row5,0.794878323404,9.88044716859,9.23301279034,7.57677320059,6.14276877479
row6,2.58054254789,3.22001864346,0.0452819854061,8.46721743388,5.61111207349
